"Choice";"Acronimo";"Descripcion";"Ejemplos"
"Wholesale Price";"WPR";"Reduction or variation in spot electricity prices.";"The pure Merit-Order Effect."
"Price Volatility";"VOL";"Fluctuations, spikes, or negative pricing events.";"Intra-day volatility due to wind."
"Cannibalization Effect";"CAN";"The decline in renewable capture prices.";"Solar PV losing market value at noon."
"Missing Money / Invest.";"MM";"Lack of firm capacity incentives in the market.";"Capacity mechanisms, adequacy issues."
"Profitability Erosion";"PROF";"Long-term degradation of investment returns / Margin squeeze.";"Declining ROI, margin destruction."
"Capital Intensity / Cost Struct.";"CAPX";"Dynamics of high fixed costs (CAPEX) vs. low marginal costs.";"Asset-heavy transition, CAPEX vs OPEX ratio shift."
"Emissions / CO2";"CO2";"Environmental impact or carbon pricing integration.";"CO2 abatement costs, ETS markets."
"Other";"OTH";"Studied variables not listed.";"Grid stability, frequency control."
"No Information";"NI";"The main variable is vague or missing.";"Generalist essays."
